Titlu,Autor,Topic,Temă,Tema1,Tema2,Tema3,Scor
provincial_sadness,ramona_boldiszar,2,identity & otherness,identity & otherness,mundane & daily life,love & intimacy,100
i_am_here,ioana_nicolaie,7,digital realities & posthumanism,interconnected structures,digital realities & posthumanism,philosophical & ontological inquiry,100
retragerea,elena_vladareanu,3,love & intimacy,digital realities & posthumanism,love & intimacy,interconnected structures,100
minunata lume disney,elena_vladareanu,7,digital realities & posthumanism,interconnected structures,digital realities & posthumanism,love & intimacy,100
ce se ascunde sub piele,elena_vladareanu,1,mundane & daily life,self-referentiality (ars poetica),philosophical & ontological inquiry,interconnected structures,0
de la tine,elena_vladareanu,6,eco-consciousness,love & intimacy,interconnected structures,identity & otherness,0
bani. muncă. timp liber [fragmente],elena_vladareanu,4,self-referentiality (ars poetica),digital realities & posthumanism,self-referentiality (ars poetica),interconnected structures,100
party,elena_vladareanu,5,interconnected structures,eco-consciousness,digital realities & posthumanism,identity & otherness,0
ciupercile bune:ciupercile otrăvitoare,dumitru_crudu,7,digital realities & posthumanism,eco-consciousness,philosophical & ontological inquiry,mundane & daily life,0
amestecam vodcă nemțească,dumitru_crudu,1,mundane & daily life,love & intimacy,mundane & daily life,philosophical & ontological inquiry,100
într-un sat de pe graniță,dumitru_crudu,1,mundane & daily life,love & intimacy,mundane & daily life,digital realities & posthumanism,100
mătușa mea eugenia,dumitru_crudu,0,philosophical & ontological inquiry,love & intimacy,mundane & daily life,digital realities & posthumanism,0
azi,dumitru_crudu,0,philosophical & ontological inquiry,digital realities & posthumanism,love & intimacy,interconnected structures,0
camera vecină,dumitru_crudu,1,mundane & daily life,mundane & daily life,digital realities & posthumanism,love & intimacy,100
vaci ale domnului,dumitru_crudu,1,mundane & daily life,philosophical & ontological inquiry,digital realities & posthumanism,love & intimacy,0
***,vlad_dragoi,7,digital realities & posthumanism,mundane & daily life,philosophical & ontological inquiry,interconnected structures,0
cu ce citim poezia...,nora_iuga,1,mundane & daily life,self-referentiality (ars poetica),interconnected structures,philosophical & ontological inquiry,0
nu mai știu,nora_iuga,5,interconnected structures,love & intimacy,identity & otherness,mundane & daily life,0
cal aș fi vrut să fiu,nora_iuga,0,philosophical & ontological inquiry,interconnected structures,identity & otherness,philosophical & ontological inquiry,100
căldură și structură,anastasia_gavrilovici,1,mundane & daily life,love & intimacy,identity & otherness,mundane & daily life,100
anita alvarez,anastasia_gavrilovici,5,interconnected structures,identity & otherness,digital realities & posthumanism,philosophical & ontological inquiry,0
de dimineaţă în cap începe măcelul,anastasia_gavrilovici,5,interconnected structures,love & intimacy,identity & otherness,interconnected structures,100
aici,anastasia_gavrilovici,0,philosophical & ontological inquiry,eco-consciousness,digital realities & posthumanism,philosophical & ontological inquiry,100
"la sfârșitul zilei, inima mea",anastasia_gavrilovici,1,mundane & daily life,identity & otherness,digital realities & posthumanism,eco-consciousness,0
tristețea cefalopodelor,anastasia_gavrilovici,0,philosophical & ontological inquiry,love & intimacy,identity & otherness,interconnected structures,0
avionașe de hârtie,anastasia_gavrilovici,2,identity & otherness,love & intimacy,identity & otherness,mundane & daily life,100
se poate trăi și așa,anastasia_gavrilovici,1,mundane & daily life,mundane & daily life,love & intimacy,digital realities & posthumanism,100
mirosul proaspăt de vopsea,anastasia_gavrilovici,1,mundane & daily life,philosophical & ontological inquiry,interconnected structures,digital realities & posthumanism,0
poligon,anastasia_gavrilovici,3,love & intimacy,eco-consciousness,identity & otherness,love & intimacy,100
de dimineață ca-ntr-un tablou de dalí,anastasia_gavrilovici,1,mundane & daily life,mundane & daily life,love & intimacy,interconnected structures,100
christmas party 2013,anastasia_gavrilovici,2,identity & otherness,identity & otherness,mundane & daily life,digital realities & posthumanism,100
cât de bine,anastasia_gavrilovici,5,interconnected structures,interconnected structures,mundane & daily life,philosophical & ontological inquiry,100
ne-am ridicat de la masă puțin amețiți,anastasia_gavrilovici,0,philosophical & ontological inquiry,identity & otherness,love & intimacy,philosophical & ontological inquiry,100
e doar tristeţe,anastasia_gavrilovici,3,love & intimacy,identity & otherness,love & intimacy,mundane & daily life,100
ce mai fac,anastasia_gavrilovici,0,philosophical & ontological inquiry,identity & otherness,mundane & daily life,interconnected structures,0
lucruri simple,anastasia_gavrilovici,1,mundane & daily life,philosophical & ontological inquiry,digital realities & posthumanism,identity & otherness,0
ultima frontieră,anastasia_gavrilovici,0,philosophical & ontological inquiry,love & intimacy,mundane & daily life,eco-consciousness,0
ultima matrioșkă,anastasia_gavrilovici,1,mundane & daily life,identity & otherness,mundane & daily life,digital realities & posthumanism,100
viețile altora,anastasia_gavrilovici,5,interconnected structures,interconnected structures,identity & otherness,love & intimacy,100
"dansează, soledad",claudiu_komartin,5,interconnected structures,love & intimacy,self-referentiality (ars poetica),philosophical & ontological inquiry,0
poem de dragoste pornind de la un vers de ilhan berk,claudiu_komartin,1,mundane & daily life,love & intimacy,mundane & daily life,identity & otherness,100
"aiko monzaemon, curtezană",claudiu_komartin,0,philosophical & ontological inquiry,philosophical & ontological inquiry,love & intimacy,identity & otherness,100
râsetele din camera cealaltă,claudiu_komartin,7,digital realities & posthumanism,identity & otherness,mundane & daily life,interconnected structures,0
pregătiri pentru centenarul revoluției din octombrie,claudiu_komartin,2,identity & otherness,digital realities & posthumanism,interconnected structures,philosophical & ontological inquiry,0
vreau să te cred când spui,claudiu_komartin,7,digital realities & posthumanism,philosophical & ontological inquiry,interconnected structures,identity & otherness,0
oscioare,claudiu_komartin,0,philosophical & ontological inquiry,digital realities & posthumanism,self-referentiality (ars poetica),philosophical & ontological inquiry,100
patinator,claudiu_komartin,7,digital realities & posthumanism,digital realities & posthumanism,philosophical & ontological inquiry,love & intimacy,100
încercăm să convingem nebunia,claudiu_komartin,5,interconnected structures,philosophical & ontological inquiry,interconnected structures,identity & otherness,100
poem de dragoste,claudiu_komartin,1,mundane & daily life,philosophical & ontological inquiry,interconnected structures,identity & otherness,0
aș fi vrut să o privesc în ochi,claudiu_komartin,3,love & intimacy,love & intimacy,philosophical & ontological inquiry,interconnected structures,100
alegorie,claudiu_komartin,6,eco-consciousness,philosophical & ontological inquiry,interconnected structures,digital realities & posthumanism,0
zi şi noapte. o confesiune,claudiu_komartin,4,self-referentiality (ars poetica),identity & otherness,digital realities & posthumanism,philosophical & ontological inquiry,0
lumea își încâlcește meridianele,claudiu_komartin,1,mundane & daily life,eco-consciousness,digital realities & posthumanism,philosophical & ontological inquiry,0
scrisoare neagră,claudiu_komartin,0,philosophical & ontological inquiry,love & intimacy,self-referentiality (ars poetica),philosophical & ontological inquiry,100
strofe,claudiu_komartin,4,self-referentiality (ars poetica),digital realities & posthumanism,love & intimacy,mundane & daily life,0
locus amoenus,claudiu_komartin,5,interconnected structures,philosophical & ontological inquiry,identity & otherness,interconnected structures,100
irina,claudiu_komartin,5,interconnected structures,identity & otherness,love & intimacy,mundane & daily life,0
nu am să te mai hrănesc,claudiu_komartin,1,mundane & daily life,digital realities & posthumanism,mundane & daily life,interconnected structures,100
autoportret în ciorbă de potroace,claudiu_komartin,3,love & intimacy,identity & otherness,self-referentiality (ars poetica),mundane & daily life,0
dar noi suntem păpuși în doliu,claudiu_komartin,2,identity & otherness,digital realities & posthumanism,philosophical & ontological inquiry,love & intimacy,0
inoculare – hore pentru zădărnicirea combaterii,claudiu_komartin,7,digital realities & posthumanism,digital realities & posthumanism,eco-consciousness,philosophical & ontological inquiry,100
ar trebui poate să fim mai blânzi,claudiu_komartin,1,mundane & daily life,eco-consciousness,digital realities & posthumanism,interconnected structures,0
artaud la norogachic,claudiu_komartin,1,mundane & daily life,philosophical & ontological inquiry,self-referentiality (ars poetica),interconnected structures,0
"ali mustafa, negustor de colivii",claudiu_komartin,2,identity & otherness,philosophical & ontological inquiry,self-referentiality (ars poetica),interconnected structures,0
după vizita mamei,claudiu_komartin,0,philosophical & ontological inquiry,identity & otherness,love & intimacy,mundane & daily life,0
as_far_as_i_know_the_humans,marin_malaicu_hondrari,1,mundane & daily life,philosophical & ontological inquiry,identity & otherness,interconnected structures,0
the rainbowconnection,simona_popescu,0,philosophical & ontological inquiry,self-referentiality (ars poetica),interconnected structures,philosophical & ontological inquiry,100
1,adela_greceanu,3,love & intimacy,mundane & daily life,identity & otherness,interconnected structures,0
gîscă,adela_greceanu,2,identity & otherness,self-referentiality (ars poetica),interconnected structures,philosophical & ontological inquiry,0
adila,adela_greceanu,2,identity & otherness,self-referentiality (ars poetica),interconnected structures,identity & otherness,100
provinciala,adela_greceanu,0,philosophical & ontological inquiry,identity & otherness,self-referentiality (ars poetica),digital realities & posthumanism,0
adila în vacanță,adela_greceanu,4,self-referentiality (ars poetica),mundane & daily life,philosophical & ontological inquiry,identity & otherness,0
tartină. cvasinecunoscută. a gestiona o relaţie,adela_greceanu,5,interconnected structures,self-referentiality (ars poetica),identity & otherness,love & intimacy,0
udo,adela_greceanu,7,digital realities & posthumanism,identity & otherness,love & intimacy,mundane & daily life,0
liniuțe și bastonașe,adela_greceanu,2,identity & otherness,identity & otherness,mundane & daily life,interconnected structures,100
"titlul volumului meu, care ma preocupa atat de mult",adela_greceanu,0,philosophical & ontological inquiry,philosophical & ontological inquiry,love & intimacy,digital realities & posthumanism,100
***,octavian_soviany,3,love & intimacy,love & intimacy,self-referentiality (ars poetica),identity & otherness,100
grădina de cafea,dan_coman,2,identity & otherness,identity & otherness,interconnected structures,philosophical & ontological inquiry,100
numai ea,dan_coman,2,identity & otherness,philosophical & ontological inquiry,mundane & daily life,love & intimacy,0
o fată din moldova (o săsoaică),dan_coman,6,eco-consciousness,love & intimacy,identity & otherness,interconnected structures,0
27,dan_coman,5,interconnected structures,love & intimacy,identity & otherness,interconnected structures,100
poem,dan_coman,4,self-referentiality (ars poetica),identity & otherness,interconnected structures,philosophical & ontological inquiry,0
iarba din hol,dan_coman,4,self-referentiality (ars poetica),love & intimacy,mundane & daily life,identity & otherness,0
plimbarea,dan_coman,4,self-referentiality (ars poetica),love & intimacy,philosophical & ontological inquiry,identity & otherness,0
profesoara de literatură din noul val,dan_coman,3,love & intimacy,love & intimacy,identity & otherness,philosophical & ontological inquiry,100
teodora,dan_coman,0,philosophical & ontological inquiry,identity & otherness,philosophical & ontological inquiry,digital realities & posthumanism,100
un om bun,dan_coman,0,philosophical & ontological inquiry,identity & otherness,philosophical & ontological inquiry,digital realities & posthumanism,100
poem de dragoste,dan_coman,5,interconnected structures,identity & otherness,love & intimacy,digital realities & posthumanism,0
vizită- necunoscuta,dan_coman,0,philosophical & ontological inquiry,identity & otherness,love & intimacy,philosophical & ontological inquiry,100
un poem trimis lui radu vancu pe mess,dan_coman,1,mundane & daily life,identity & otherness,mundane & daily life,philosophical & ontological inquiry,100
poem de dragoste (v2),dan_coman,4,self-referentiality (ars poetica),love & intimacy,mundane & daily life,identity & otherness,0
eu sînt cel ce nu sînt,dan_coman,2,identity & otherness,love & intimacy,mundane & daily life,identity & otherness,100
narcisa,dan_coman,4,self-referentiality (ars poetica),mundane & daily life,identity & otherness,love & intimacy,0
pisica larisei,dan_coman,0,philosophical & ontological inquiry,mundane & daily life,identity & otherness,love & intimacy,0
degeţica,dan_coman,7,digital realities & posthumanism,love & intimacy,mundane & daily life,philosophical & ontological inquiry,0
vizită- magdalena,dan_coman,1,mundane & daily life,identity & otherness,philosophical & ontological inquiry,love & intimacy,0
începutul,dan_coman,1,mundane & daily life,identity & otherness,philosophical & ontological inquiry,mundane & daily life,100
mesaje,dan_coman,2,identity & otherness,love & intimacy,mundane & daily life,philosophical & ontological inquiry,0
octombrie,dan_coman,6,eco-consciousness,identity & otherness,love & intimacy,philosophical & ontological inquiry,0
irezistibil,dan_coman,6,eco-consciousness,identity & otherness,philosophical & ontological inquiry,mundane & daily life,0
amintire de pe strada grigore bălan,dan_coman,1,mundane & daily life,identity & otherness,love & intimacy,philosophical & ontological inquiry,0
poem de dimineață,dan_coman,0,philosophical & ontological inquiry,love & intimacy,identity & otherness,interconnected structures,0
poemul de noapte,dan_coman,1,mundane & daily life,love & intimacy,identity & otherness,interconnected structures,0
alesul,dan_coman,0,philosophical & ontological inquiry,identity & otherness,mundane & daily life,philosophical & ontological inquiry,100
aniversarea,dan_coman,7,digital realities & posthumanism,identity & otherness,mundane & daily life,philosophical & ontological inquiry,0
în vremea nopţii,dan_coman,1,mundane & daily life,love & intimacy,identity & otherness,philosophical & ontological inquiry,0
plăcerea,dan_coman,7,digital realities & posthumanism,love & intimacy,identity & otherness,philosophical & ontological inquiry,0
strigătul,dan_coman,5,interconnected structures,identity & otherness,philosophical & ontological inquiry,digital realities & posthumanism,0
"dragoste, îngenunchere",bogdan_o_popescu,7,digital realities & posthumanism,identity & otherness,mundane & daily life,love & intimacy,0
aer cald,bogdan_o_popescu,5,interconnected structures,identity & otherness,philosophical & ontological inquiry,love & intimacy,0
"înălţimi, adieri de tine",bogdan_o_popescu,5,interconnected structures,mundane & daily life,philosophical & ontological inquiry,love & intimacy,0
vignette,bogdan_o_popescu,5,interconnected structures,identity & otherness,philosophical & ontological inquiry,love & intimacy,0
poate ca oamenii dau tot ce au ei mai bun atunci când sunt pe ultima suta de metri,karina_sabadean,2,identity & otherness,mundane & daily life,identity & otherness,interconnected structures,100
în gura peștelui în care trăiesc,karina_sabadean,3,love & intimacy,philosophical & ontological inquiry,interconnected structures,identity & otherness,0
grup social respectabil,karina_sabadean,1,mundane & daily life,identity & otherness,interconnected structures,mundane & daily life,100
noi nu suntem ultimele două fire dintr,karina_sabadean,1,mundane & daily life,eco-consciousness,love & intimacy,philosophical & ontological inquiry,0
cine n-are nume,karina_sabadean,3,love & intimacy,philosophical & ontological inquiry,identity & otherness,interconnected structures,0
am ieșit în grabă din librăria de la universității,karina_sabadean,4,self-referentiality (ars poetica),eco-consciousness,mundane & daily life,interconnected structures,0
cu tine e altceva,svetlana_carstean,1,mundane & daily life,identity & otherness,mundane & daily life,philosophical & ontological inquiry,100
no_title,svetlana_carstean,3,love & intimacy,identity & otherness,love & intimacy,philosophical & ontological inquiry,100
cîntec de trecere 3 sau carte poștală cu pui de taur. netrimisă de saintes-maries-de-la-mer,svetlana_carstean,0,philosophical & ontological inquiry,mundane & daily life,interconnected structures,eco-consciousness,0
in_a_world_made_of_stone,olga_stefan,1,mundane & daily life,identity & otherness,philosophical & ontological inquiry,mundane & daily life,100
beautiful_people_ugly_people,stefania_mihalache,1,mundane & daily life,identity & otherness,love & intimacy,digital realities & posthumanism,0
manufacturing_fault,iv_cel_naiv,2,identity & otherness,self-referentiality (ars poetica),love & intimacy,identity & otherness,100
guilt,iv_cel_naiv,3,love & intimacy,love & intimacy,eco-consciousness,identity & otherness,100
for_reasons_of_survival,radu_vancu,2,identity & otherness,philosophical & ontological inquiry,mundane & daily life,identity & otherness,100
canto xiii,radu_vancu,0,philosophical & ontological inquiry,mundane & daily life,philosophical & ontological inquiry,identity & marginalization,100
the_most_stupid_man,radu_vancu,1,mundane & daily life,mundane & daily life,philosophical & ontological inquiry,love & intimacy,100
prospect i,matei_somesan,0,philosophical & ontological inquiry,self-referentiality (ars poetica),digital realities & posthumanism,philosophical & ontological inquiry,100
harbour chart,matei_somesan,1,mundane & daily life,eco-consciousness,philosophical & ontological inquiry,mundane & daily life,100
part ii,matei_somesan,0,philosophical & ontological inquiry,love & intimacy,digital realities & posthumanism,philosophical & ontological inquiry,100
untitled-last opened 21.06.2024,matei_somesan,1,mundane & daily life,love & intimacy,identity & otherness,philosophical & ontological inquiry,0
last week,matei_somesan,0,philosophical & ontological inquiry,mundane & daily life,eco-consciousness,philosophical & ontological inquiry,100
v2.2-2.3,matei_somesan,1,mundane & daily life,philosophical & ontological inquiry,identity & otherness,digital realities & posthumanism,0
time_for_a_cigarette,ligia_parvulescu,1,mundane & daily life,mundane & daily life,love & intimacy,self-referentiality (ars poetica),100
cintece excesive,dan_sociu,5,interconnected structures,philosophical & ontological inquiry,mundane & daily life,identity & otherness,0
toată iarna am aşteptat durerea mea anuală de dinţi,dan_sociu,1,mundane & daily life,mundane & daily life,digital realities & posthumanism,love & intimacy,100
11,dan_sociu,6,eco-consciousness,identity & otherness,mundane & daily life,interconnected structures,0
&2,dan_sociu,5,interconnected structures,identity & otherness,mundane & daily life,digital realities & posthumanism,0
1,dan_sociu,7,digital realities & posthumanism,identity & otherness,mundane & daily life,philosophical & ontological inquiry,0
beau pentru morţi,dan_sociu,7,digital realities & posthumanism,identity & otherness,mundane & daily life,philosophical & ontological inquiry,0
capul în mîini,dan_sociu,2,identity & otherness,philosophical & ontological inquiry,identity & otherness,mundane & daily life,100
salamandră,dan_sociu,7,digital realities & posthumanism,mundane & daily life,eco-consciousness,self-referentiality (ars poetica),0
cîntec excesiv ii,dan_sociu,0,philosophical & ontological inquiry,digital realities & posthumanism,love & intimacy,philosophical & ontological inquiry,100
n-am mai văzut un copil așa de vesel,dan_sociu,5,interconnected structures,identity & otherness,philosophical & ontological inquiry,interconnected structures,100
&16,dan_sociu,0,philosophical & ontological inquiry,philosophical & ontological inquiry,interconnected structures,mundane & daily life,100
cîntec excesiv iii,dan_sociu,6,eco-consciousness,identity & otherness,interconnected structures,self-referentiality (ars poetica),0
&3,dan_sociu,0,philosophical & ontological inquiry,digital realities & posthumanism,identity & otherness,interconnected structures,0
10,dan_sociu,4,self-referentiality (ars poetica),digital realities & posthumanism,identity & otherness,interconnected structures,0
vodcă sau vin,dan_sociu,0,philosophical & ontological inquiry,identity & otherness,digital realities & posthumanism,self-referentiality (ars poetica),0
ozone friendly,dan_sociu,6,eco-consciousness,eco-consciousness,digital realities & posthumanism,identity & otherness,100
cîntec excesiv v,dan_sociu,1,mundane & daily life,self-referentiality (ars poetica),identity & otherness,love & intimacy,0
&11,dan_sociu,3,love & intimacy,love & intimacy,identity & otherness,interconnected structures,100
&8,dan_sociu,4,self-referentiality (ars poetica),love & intimacy,identity & otherness,interconnected structures,0
pavor nocturn,dan_sociu,0,philosophical & ontological inquiry,love & intimacy,digital realities & posthumanism,identity & otherness,0
fata pe role,dan_sociu,7,digital realities & posthumanism,identity & otherness,philosophical & ontological inquiry,interconnected structures,0
fratele păduche,dan_sociu,1,mundane & daily life,identity & otherness,interconnected structures,philosophical & ontological inquiry,0
&4,dan_sociu,3,love & intimacy,love & intimacy,identity & otherness,self-referentiality (ars poetica),100
7,dan_sociu,7,digital realities & posthumanism,love & intimacy,identity & otherness,interconnected structures,0
imagista de la urgenţă,dan_sociu,3,love & intimacy,identity & otherness,interconnected structures,love & intimacy,100
6,dan_sociu,0,philosophical & ontological inquiry,identity & otherness,digital realities & posthumanism,love & intimacy,0
&5,dan_sociu,4,self-referentiality (ars poetica),philosophical & ontological inquiry,mundane & daily life,identity & otherness,0
shanghai truelove ltd.,dan_sociu,2,identity & otherness,interconnected structures,philosophical & ontological inquiry,mundane & daily life,0
16,dan_sociu,6,eco-consciousness,philosophical & ontological inquiry,interconnected structures,eco-consciousness,100
cîntec excesiv iv,dan_sociu,0,philosophical & ontological inquiry,mundane & daily life,digital realities & posthumanism,love & intimacy,0
cîntec excesiv i,dan_sociu,1,mundane & daily life,love & intimacy,identity & otherness,interconnected structures,0
&9,dan_sociu,6,eco-consciousness,love & intimacy,mundane & daily life,identity & otherness,0
&10,dan_sociu,1,mundane & daily life,love & intimacy,mundane & daily life,identity & otherness,100
johnnie walker,dan_sociu,0,philosophical & ontological inquiry,mundane & daily life,identity & otherness,philosophical & ontological inquiry,100
9,dan_sociu,4,self-referentiality (ars poetica),love & intimacy,identity & otherness,mundane & daily life,0
&13,dan_sociu,1,mundane & daily life,love & intimacy,identity & otherness,philosophical & ontological inquiry,0
tehnica anti-climaxului,dan_sociu,0,philosophical & ontological inquiry,love & intimacy,identity & otherness,philosophical & ontological inquiry,100
5,dan_sociu,7,digital realities & posthumanism,love & intimacy,self-referentiality (ars poetica),identity & otherness,0
&6,dan_sociu,6,eco-consciousness,identity & otherness,philosophical & ontological inquiry,love & intimacy,0
15,dan_sociu,7,digital realities & posthumanism,identity & otherness,eco-consciousness,mundane & daily life,0
traista mihaelei,dan_sociu,1,mundane & daily life,identity & otherness,love & intimacy,mundane & daily life,100
14,dan_sociu,4,self-referentiality (ars poetica),identity & otherness,philosophical & ontological inquiry,interconnected structures,0
&7,dan_sociu,4,self-referentiality (ars poetica),identity & otherness,philosophical & ontological inquiry,love & intimacy,0
4,dan_sociu,7,digital realities & posthumanism,love & intimacy,identity & otherness,mundane & daily life,0
&12,dan_sociu,2,identity & otherness,mundane & daily life,love & intimacy,identity & otherness,100
ești atât de frumoasă după ce am mîncat,dan_sociu,2,identity & otherness,love & intimacy,identity & otherness,mundane & daily life,100
8,dan_sociu,7,digital realities & posthumanism,mundane & daily life,interconnected structures,self-referentiality (ars poetica),0
ce trist și frumos e cînd omul se,dan_sociu,4,self-referentiality (ars poetica),philosophical & ontological inquiry,interconnected structures,mundane & daily life,0
3,dan_sociu,0,philosophical & ontological inquiry,identity & otherness,philosophical & ontological inquiry,interconnected structures,100
rapsodiaromână,dan_sociu,4,self-referentiality (ars poetica),identity & otherness,philosophical & ontological inquiry,interconnected structures,0
13,dan_sociu,0,philosophical & ontological inquiry,philosophical & ontological inquiry,interconnected structures,eco-consciousness,100
&,dan_sociu,7,digital realities & posthumanism,love & intimacy,identity & otherness,philosophical & ontological inquiry,0
dragostea ta,dan_sociu,1,mundane & daily life,love & intimacy,identity & otherness,philosophical & ontological inquiry,0
nu. o poveste de succes,dan_sociu,7,digital realities & posthumanism,identity & otherness,philosophical & ontological inquiry,digital realities & posthumanism,100
&15,dan_sociu,4,self-referentiality (ars poetica),love & intimacy,identity & otherness,philosophical & ontological inquiry,0
&14,dan_sociu,7,digital realities & posthumanism,identity & otherness,philosophical & ontological inquiry,love & intimacy,0
conserve bine închise  borcane bine legate  bani pentru încă o săptămînă,dan_sociu,0,philosophical & ontological inquiry,philosophical & ontological inquiry,identity & otherness,love & intimacy,100
cu gura uscata de ură,dan_sociu,5,interconnected structures,philosophical & ontological inquiry,identity & otherness,love & intimacy,0
12,dan_sociu,1,mundane & daily life,philosophical & ontological inquiry,identity & otherness,love & intimacy,0
2,dan_sociu,0,philosophical & ontological inquiry,identity & otherness,love & intimacy,interconnected structures,0
11,ana_dontu,0,philosophical & ontological inquiry,identity & otherness,love & intimacy,philosophical & ontological inquiry,100
1,ana_dontu,3,love & intimacy,love & intimacy,identity & otherness,interconnected structures,100
"nici tu, nici eu și nici măcar ghandy",ana_dontu,1,mundane & daily life,philosophical & ontological inquiry,love & intimacy,identity & otherness,0
nechezatul debilitatea nonsensul,ana_dontu,1,mundane & daily life,identity & otherness,philosophical & ontological inquiry,interconnected structures,0
10,ana_dontu,2,identity & otherness,mundane & daily life,love & intimacy,interconnected structures,0
pereții există pentru a strivi ceva între ei,ana_dontu,5,interconnected structures,identity & otherness,mundane & daily life,interconnected structures,100
spui- totul a fost bine,ana_dontu,0,philosophical & ontological inquiry,identity & otherness,digital realities & posthumanism,philosophical & ontological inquiry,100
vopsea neagră pentru lotuși albi,ana_dontu,7,digital realities & posthumanism,identity & otherness,love & intimacy,philosophical & ontological inquiry,0
ai inima slabă,ana_dontu,1,mundane & daily life,identity & otherness,love & intimacy,philosophical & ontological inquiry,0
așa se pășește peste linie,ana_dontu,5,interconnected structures,love & intimacy,identity & otherness,digital realities & posthumanism,0
orașul în care mă trezesc,ana_dontu,1,mundane & daily life,philosophical & ontological inquiry,digital realities & posthumanism,interconnected structures,0
morcov și ceapă,ana_dontu,1,mundane & daily life,philosophical & ontological inquiry,identity & otherness,love & intimacy,0
7,ana_dontu,5,interconnected structures,identity & otherness,mundane & daily life,philosophical & ontological inquiry,0
6,ana_dontu,2,identity & otherness,philosophical & ontological inquiry,mundane & daily life,love & intimacy,0
9,ana_dontu,2,identity & otherness,philosophical & ontological inquiry,mundane & daily life,identity & otherness,100
luna se scaldă în alte ape,ana_dontu,1,mundane & daily life,philosophical & ontological inquiry,interconnected structures,identity & otherness,0
cadrul 25,ana_dontu,1,mundane & daily life,philosophical & ontological inquiry,interconnected structures,identity & otherness,0
5,ana_dontu,7,digital realities & posthumanism,love & intimacy,philosophical & ontological inquiry,identity & otherness,0
4,ana_dontu,3,love & intimacy,identity & otherness,philosophical & ontological inquiry,digital realities & posthumanism,0
mă trezesc în orașul fantomelor,ana_dontu,0,philosophical & ontological inquiry,identity & otherness,philosophical & ontological inquiry,eco-consciousness,100
8,ana_dontu,0,philosophical & ontological inquiry,identity & otherness,philosophical & ontological inquiry,interconnected structures,100
dincolo de pereți,ana_dontu,2,identity & otherness,identity & otherness,philosophical & ontological inquiry,interconnected structures,100
3,ana_dontu,1,mundane & daily life,identity & otherness,philosophical & ontological inquiry,interconnected structures,0
toată liniștea,ana_dontu,1,mundane & daily life,philosophical & ontological inquiry,interconnected structures,identity & otherness,0
sunt lucrul ce umblă în întuneric,ana_dontu,0,philosophical & ontological inquiry,philosophical & ontological inquiry,interconnected structures,identity & otherness,100
2,ana_dontu,6,eco-consciousness,digital realities & posthumanism,philosophical & ontological inquiry,interconnected structures,0
dincolo de linia galbenă,ana_dontu,5,interconnected structures,philosophical & ontological inquiry,love & intimacy,identity & otherness,0
ești blând ca un tigru de la grădina botanică,viviana_pantazica,1,mundane & daily life,love & intimacy,philosophical & ontological inquiry,identity & otherness,0
de împrumut,viviana_pantazica,1,mundane & daily life,digital realities & posthumanism,philosophical & ontological inquiry,identity & otherness,0
eu nu dansez niciodată,viviana_pantazica,2,identity & otherness,digital realities & posthumanism,philosophical & ontological inquiry,identity & otherness,100
kiwi,viviana_pantazica,1,mundane & daily life,philosophical & ontological inquiry,eco-consciousness,identity & otherness,0
mama mea e virginia woolf,viviana_pantazica,6,eco-consciousness,identity & otherness,interconnected structures,mundane & daily life,0
duty-free,teodora_leon,5,interconnected structures,digital realities & posthumanism,philosophical & ontological inquiry,identity & otherness,0
"drum bun, cale bătută!",teodora_leon,3,love & intimacy,philosophical & ontological inquiry,identity & otherness,digital realities & posthumanism,0
tranșe,teodora_leon,7,digital realities & posthumanism,mundane & daily life,identity & otherness,digital realities & posthumanism,100
rețetă pentru cașcaval pane,teodora_leon,1,mundane & daily life,eco-consciousness,digital realities & posthumanism,philosophical & ontological inquiry,0
ambiții pe peron,teodora_leon,0,philosophical & ontological inquiry,identity & otherness,digital realities & posthumanism,philosophical & ontological inquiry,100
anti-protest,teodora_leon,0,philosophical & ontological inquiry,digital realities & posthumanism,philosophical & ontological inquiry,eco-consciousness,100
oscar,teodora_leon,4,self-referentiality (ars poetica),digital realities & posthumanism,philosophical & ontological inquiry,eco-consciousness,0
hipertext,teodora_leon,1,mundane & daily life,self-referentiality (ars poetica),interconnected structures,digital realities & posthumanism,0
zoom,teodora_leon,3,love & intimacy,interconnected structures,digital realities & posthumanism,philosophical & ontological inquiry,0
fericirea mea,teodora_leon,5,interconnected structures,self-referentiality (ars poetica),interconnected structures,digital realities & posthumanism,100
urcușul,teodora_leon,1,mundane & daily life,mundane & daily life,identity & otherness,digital realities & posthumanism,100
fără titlu,cosmin_perta,5,interconnected structures,mundane & daily life,love & intimacy,identity & otherness,0
bunicul,cosmin_perta,2,identity & otherness,philosophical & ontological inquiry,interconnected structures,love & intimacy,0
flashback,cosmin_perta,0,philosophical & ontological inquiry,love & intimacy,self-referentiality (ars poetica),philosophical & ontological inquiry,100
"al treilea poem despre o mică spaimă, pentru ea",cosmin_perta,3,love & intimacy,love & intimacy,philosophical & ontological inquiry,digital realities & posthumanism,100
lacustră,cosmin_perta,1,mundane & daily life,love & intimacy,mundane & daily life,philosophical & ontological inquiry,100
"al doilea poem despre o mică spaima, pentru ea",cosmin_perta,0,philosophical & ontological inquiry,love & intimacy,philosophical & ontological inquiry,digital realities & posthumanism,100
poem despre frumusețe,cosmin_perta,0,philosophical & ontological inquiry,love & intimacy,philosophical & ontological inquiry,digital realities & posthumanism,100
primul poem despre o mică spaima pentru ea,cosmin_perta,1,mundane & daily life,love & intimacy,philosophical & ontological inquiry,digital realities & posthumanism,0
din nou despre ea,cosmin_perta,3,love & intimacy,love & intimacy,self-referentiality (ars poetica),philosophical & ontological inquiry,100
să reușești...,cosmin_perta,3,love & intimacy,interconnected structures,identity & otherness,philosophical & ontological inquiry,0
de ce nu vei reuși...,cosmin_perta,7,digital realities & posthumanism,interconnected structures,identity & otherness,philosophical & ontological inquiry,0
santinela de lut,cosmin_perta,2,identity & otherness,philosophical & ontological inquiry,interconnected structures,identity & otherness,100
în continuare doar despre ea,cosmin_perta,3,love & intimacy,love & intimacy,philosophical & ontological inquiry,digital realities & posthumanism,100
asemănare,cosmin_perta,1,mundane & daily life,self-referentiality (ars poetica),philosophical & ontological inquiry,interconnected structures,0
iată cum moartea…,cosmin_perta,5,interconnected structures,interconnected structures,identity & otherness,philosophical & ontological inquiry,100
poem despre ea,cosmin_perta,2,identity & otherness,love & intimacy,mundane & daily life,philosophical & ontological inquiry,0
tot despre ea,cosmin_perta,2,identity & otherness,love & intimacy,mundane & daily life,philosophical & ontological inquiry,0
primul câine,cosmin_perta,4,self-referentiality (ars poetica),mundane & daily life,philosophical & ontological inquiry,love & intimacy,0
după ce vei reuși…,cosmin_perta,7,digital realities & posthumanism,philosophical & ontological inquiry,interconnected structures,identity & otherness,0
the end,cosmin_perta,2,identity & otherness,mundane & daily life,philosophical & ontological inquiry,love & intimacy,0
poem de spus,cosmin_perta,2,identity & otherness,identity & otherness,self-referentiality (ars poetica),philosophical & ontological inquiry,100
vis de vară,cosmin_perta,6,eco-consciousness,eco-consciousness,philosophical & ontological inquiry,mundane & daily life,100
de la o vreme,catalin_lazurca,1,mundane & daily life,identity & otherness,love & intimacy,mundane & daily life,100
triluri sub acoperișul de tablă după david berman,catalin_lazurca,0,philosophical & ontological inquiry,digital realities & posthumanism,philosophical & ontological inquiry,mundane & daily life,100
autoportret la 48,catalin_lazurca,0,philosophical & ontological inquiry,identity & otherness,love & intimacy,mundane & daily life,0
nu știu exact ce vreau să spun cu asta,catalin_lazurca,0,philosophical & ontological inquiry,mundane & daily life,philosophical & ontological inquiry,interconnected structures,100
sărbători de iarnă,florin_partene,0,philosophical & ontological inquiry,digital realities & posthumanism,self-referentiality (ars poetica),interconnected structures,0
my_favourites,robert_serban,0,philosophical & ontological inquiry,identity & otherness,digital realities & posthumanism,philosophical & ontological inquiry,100
septembrie,nina_cassian,5,interconnected structures,philosophical & ontological inquiry,identity & otherness,love & intimacy,0
și la revedere,andrei_dosa,3,love & intimacy,mundane & daily life,digital realities & posthumanism,identity & otherness,0
vis cu anima,andrei_dosa,1,mundane & daily life,interconnected structures,identity & otherness,philosophical & ontological inquiry,0
gyere!,andrei_dosa,4,self-referentiality (ars poetica),digital realities & posthumanism,love & intimacy,identity & otherness,0
monstrul sacru al scobitului în nas,andrei_dosa,4,self-referentiality (ars poetica),eco-consciousness,philosophical & ontological inquiry,digital realities & posthumanism,0
uşa rotativă (1),andrei_dosa,1,mundane & daily life,interconnected structures,philosophical & ontological inquiry,self-referentiality (ars poetica),0
dublă expunere,andrei_dosa,6,eco-consciousness,self-referentiality (ars poetica),mundane & daily life,digital realities & posthumanism,0
online,andrei_dosa,0,philosophical & ontological inquiry,eco-consciousness,philosophical & ontological inquiry,digital realities & posthumanism,100
cântec de adormit copiii,andrei_dosa,3,love & intimacy,digital realities & posthumanism,identity & otherness,mundane & daily life,0
film documentar,andrei_dosa,4,self-referentiality (ars poetica),eco-consciousness,interconnected structures,philosophical & ontological inquiry,0
aici arborele vieţii este tufa de bumbac (în drum spre casă),andrei_dosa,0,philosophical & ontological inquiry,love & intimacy,digital realities & posthumanism,identity & otherness,0
fără nicio legătură,andrei_dosa,5,interconnected structures,digital realities & posthumanism,mundane & daily life,interconnected structures,100
hubble-bubble,andrei_dosa,4,self-referentiality (ars poetica),identity & otherness,interconnected structures,digital realities & posthumanism,0
exerciţii de respiraţie (2),andrei_dosa,6,eco-consciousness,eco-consciousness,interconnected structures,digital realities & posthumanism,100
fake din viscere,andrei_dosa,1,mundane & daily life,digital realities & posthumanism,identity & otherness,mundane & daily life,100
apusuri mexicane,andrei_dosa,1,mundane & daily life,digital realities & posthumanism,identity & otherness,mundane & daily life,100
îmi este atât de ruşine,andrei_dosa,6,eco-consciousness,identity & otherness,philosophical & ontological inquiry,digital realities & posthumanism,0
gogoașa înfuriată,andrei_dosa,2,identity & otherness,digital realities & posthumanism,identity & otherness,mundane & daily life,100
nada,andrei_dosa,3,love & intimacy,love & intimacy,digital realities & posthumanism,identity & otherness,100
creepy eco,andrei_dosa,1,mundane & daily life,digital realities & posthumanism,identity & otherness,mundane & daily life,100
[time [muie [www,andrei_dosa,5,interconnected structures,digital realities & posthumanism,identity & otherness,eco-consciousness,0
adoraţie,andrei_dosa,1,mundane & daily life,identity & otherness,mundane & daily life,eco-consciousness,100
canon d40,andrei_dosa,2,identity & otherness,identity & otherness,interconnected structures,mundane & daily life,100
moartea foloseşte gillette,andrei_dosa,6,eco-consciousness,digital realities & posthumanism,identity & otherness,mundane & daily life,0
tristeţe şi duioşie la etajul patru,andrei_dosa,6,eco-consciousness,digital realities & posthumanism,identity & otherness,mundane & daily life,0
nimeni nu ştie,andrei_dosa,0,philosophical & ontological inquiry,love & intimacy,digital realities & posthumanism,identity & otherness,0
retractil: repetitiv,andrei_dosa,0,philosophical & ontological inquiry,digital realities & posthumanism,identity & otherness,mundane & daily life,0
o zi din viaţa familiei d.,andrei_dosa,0,philosophical & ontological inquiry,eco-consciousness,digital realities & posthumanism,identity & otherness,0
face el suficientă poezie,andrei_dosa,1,mundane & daily life,identity & otherness,eco-consciousness,digital realities & posthumanism,0
face el suficientă poezie,andrei_dosa,1,mundane & daily life,identity & otherness,eco-consciousness,digital realities & posthumanism,0
uşa rotativă (2),andrei_dosa,5,interconnected structures,digital realities & posthumanism,identity & otherness,mundane & daily life,0
cu mâinile legate,andrei_dosa,2,identity & otherness,digital realities & posthumanism,identity & otherness,eco-consciousness,100
lucrurile părinţilor,andrei_dosa,0,philosophical & ontological inquiry,philosophical & ontological inquiry,eco-consciousness,digital realities & posthumanism,100
exerciţii de respiraţie (1),andrei_dosa,5,interconnected structures,identity & otherness,eco-consciousness,digital realities & posthumanism,0
e nevoie de ceva mult mai violent,andrei_dosa,7,digital realities & posthumanism,identity & otherness,mundane & daily life,eco-consciousness,0
principiul ordonator,andrei_dosa,1,mundane & daily life,digital realities & posthumanism,identity & otherness,mundane & daily life,100
filtru vegetal,andrei_dosa,6,eco-consciousness,interconnected structures,philosophical & ontological inquiry,digital realities & posthumanism,0
din ce în ce mai,andrei_dosa,0,philosophical & ontological inquiry,digital realities & posthumanism,identity & otherness,mundane & daily life,0
"când va veni ceea ce este desăvârşit, ceea ce este în parte va dispărea",andrei_dosa,5,interconnected structures,eco-consciousness,identity & otherness,interconnected structures,100
jingfan,andrei_dosa,0,philosophical & ontological inquiry,identity & otherness,philosophical & ontological inquiry,digital realities & posthumanism,100
într-un sul de linoleum,andrei_dosa,0,philosophical & ontological inquiry,digital realities & posthumanism,identity & otherness,mundane & daily life,0
preview,andrei_dosa,2,identity & otherness,digital realities & posthumanism,identity & otherness,eco-consciousness,100
yin-yang,andrei_dosa,2,identity & otherness,digital realities & posthumanism,identity & otherness,mundane & daily life,100
urma să rezolv totul în seara aia,andrei_dosa,0,philosophical & ontological inquiry,mundane & daily life,eco-consciousness,interconnected structures,0
legătura părintească,andrei_dosa,2,identity & otherness,interconnected structures,digital realities & posthumanism,identity & otherness,100
pe loc,andrei_dosa,0,philosophical & ontological inquiry,digital realities & posthumanism,identity & otherness,mundane & daily life,0
unul dintre eşecurile memorabile ale aeronauticii,andrei_dosa,4,self-referentiality (ars poetica),digital realities & posthumanism,identity & otherness,mundane & daily life,0
@,andrei_dosa,7,digital realities & posthumanism,identity & otherness,mundane & daily life,interconnected structures,0
fondantul,andrei_dosa,4,self-referentiality (ars poetica),philosophical & ontological inquiry,digital realities & posthumanism,identity & otherness,0
pe urmele tale,andrei_dosa,3,love & intimacy,digital realities & posthumanism,identity & otherness,mundane & daily life,0
parapantiştii săreau în gol,andrei_dosa,2,identity & otherness,digital realities & posthumanism,identity & otherness,mundane & daily life,100
flutură steaguri purpuriu închis,andrei_dosa,5,interconnected structures,digital realities & posthumanism,identity & otherness,mundane & daily life,0
din tată în fiu,andrei_dosa,5,interconnected structures,identity & otherness,mundane & daily life,eco-consciousness,0
atât de fain (so fine),andrei_dosa,7,digital realities & posthumanism,digital realities & posthumanism,identity & otherness,eco-consciousness,100
stroboscopie,andrei_dosa,1,mundane & daily life,digital realities & posthumanism,identity & otherness,mundane & daily life,100
aşa cum îmi place mie să fii,andrei_dosa,2,identity & otherness,interconnected structures,digital realities & posthumanism,identity & otherness,100
reconversie profesională,andrei_dosa,7,digital realities & posthumanism,digital realities & posthumanism,identity & otherness,mundane & daily life,100
sânge din sângele lor,andrei_dosa,6,eco-consciousness,digital realities & posthumanism,identity & otherness,mundane & daily life,0
revers,andrei_dosa,6,eco-consciousness,digital realities & posthumanism,identity & otherness,mundane & daily life,0
splendoare în iarbă,andrei_dosa,4,self-referentiality (ars poetica),eco-consciousness,digital realities & posthumanism,philosophical & ontological inquiry,0
loading… please wait,andrei_dosa,2,identity & otherness,interconnected structures,philosophical & ontological inquiry,identity & otherness,100
o seară cu familia d.,andrei_dosa,0,philosophical & ontological inquiry,identity & otherness,mundane & daily life,interconnected structures,0
we all live in a russian submarine,andrei_dosa,3,love & intimacy,digital realities & posthumanism,interconnected structures,identity & otherness,0
compoziţie cu nuanţe de negru,andrei_dosa,7,digital realities & posthumanism,identity & otherness,mundane & daily life,eco-consciousness,0
o dimineaţă de milioane,andrei_dosa,0,philosophical & ontological inquiry,interconnected structures,identity & otherness,eco-consciousness,0
eşti bun la marocco?,andrei_dosa,5,interconnected structures,identity & otherness,mundane & daily life,interconnected structures,100
leidenschaft,andrei_dosa,5,interconnected structures,philosophical & ontological inquiry,eco-consciousness,digital realities & posthumanism,0
noua ordina mondială,andrei_dosa,3,love & intimacy,digital realities & posthumanism,identity & otherness,mundane & daily life,0
a.z.i.,andrei_dosa,5,interconnected structures,identity & otherness,philosophical & ontological inquiry,digital realities & posthumanism,0
crăciunul în bucătăria inundată,andrei_dosa,1,mundane & daily life,eco-consciousness,philosophical & ontological inquiry,digital realities & posthumanism,0
face el suficientă poezie,andrei_dosa,1,mundane & daily life,identity & otherness,eco-consciousness,digital realities & posthumanism,0
face el suficientă poezie,andrei_dosa,1,mundane & daily life,identity & otherness,eco-consciousness,digital realities & posthumanism,0
dumnezeu s-a născut în america şi a uitat sufletele într-un lagăr comunist,andrei_dosa,2,identity & otherness,interconnected structures,philosophical & ontological inquiry,identity & otherness,100
nu ştiai ce te aşteaptă,andrei_dosa,2,identity & otherness,digital realities & posthumanism,identity & otherness,mundane & daily life,100
sokosoko muzukashii,andrei_dosa,4,self-referentiality (ars poetica),eco-consciousness,philosophical & ontological inquiry,digital realities & posthumanism,0
dacă vii de pe altă planetă invidia ta e inutilă,andrei_dosa,1,mundane & daily life,eco-consciousness,philosophical & ontological inquiry,love & intimacy,0
acalmie,andrei_dosa,4,self-referentiality (ars poetica),digital realities & posthumanism,identity & otherness,mundane & daily life,0
euforia sufocării,andrei_dosa,5,interconnected structures,digital realities & posthumanism,identity & otherness,mundane & daily life,0
despre combaterea efectului de seră,andrei_dosa,2,identity & otherness,digital realities & posthumanism,identity & otherness,mundane & daily life,100
eram cu mama când a căzut,andrei_dosa,1,mundane & daily life,interconnected structures,identity & otherness,mundane & daily life,100
ii,teodora_coman,1,mundane & daily life,digital realities & posthumanism,identity & otherness,mundane & daily life,100
sagrada familia,andrei_mocuta,0,philosophical & ontological inquiry,philosophical & ontological inquiry,identity & otherness,self-referentiality (ars poetica),100
2029,andrei_mocuta,3,love & intimacy,digital realities & posthumanism,identity & otherness,interconnected structures,0
capsula timpului,andrei_mocuta,5,interconnected structures,self-referentiality (ars poetica),identity & otherness,interconnected structures,100
o lansare de carte,andrei_mocuta,2,identity & otherness,identity & otherness,interconnected structures,mundane & daily life,100
trăiesc de trei ani cu o fantomă,andrei_mocuta,7,digital realities & posthumanism,philosophical & ontological inquiry,identity & otherness,interconnected structures,0
esențialul,andrei_mocuta,1,mundane & daily life,self-referentiality (ars poetica),identity & otherness,philosophical & ontological inquiry,0
muzeul figurilor de ceară,andrei_mocuta,2,identity & otherness,identity & otherness,philosophical & ontological inquiry,self-referentiality (ars poetica),100
cosmin lungu,andrei_mocuta,3,love & intimacy,identity & otherness,philosophical & ontological inquiry,self-referentiality (ars poetica),0
homer,andrei_mocuta,3,love & intimacy,self-referentiality (ars poetica),philosophical & ontological inquiry,interconnected structures,0
2065,andrei_mocuta,1,mundane & daily life,digital realities & posthumanism,identity & otherness,interconnected structures,0
odă reginei estera de pe capota cadillacului,andrei_mocuta,1,mundane & daily life,love & intimacy,identity & otherness,interconnected structures,0
2028,andrei_mocuta,4,self-referentiality (ars poetica),digital realities & posthumanism,identity & otherness,interconnected structures,0
abalo,andrei_mocuta,0,philosophical & ontological inquiry,philosophical & ontological inquiry,interconnected structures,identity & otherness,100
maşina de tuns iarba,andrei_mocuta,6,eco-consciousness,identity & otherness,interconnected structures,mundane & daily life,0
poem corect politic,andrei_mocuta,0,philosophical & ontological inquiry,interconnected structures,identity & otherness,philosophical & ontological inquiry,100
2043,andrei_mocuta,5,interconnected structures,digital realities & posthumanism,identity & otherness,interconnected structures,100
femei între două vârste,andrei_mocuta,5,interconnected structures,love & intimacy,philosophical & ontological inquiry,interconnected structures,100
număr de înmatriculare,andrei_mocuta,4,self-referentiality (ars poetica),digital realities & posthumanism,love & intimacy,interconnected structures,0
fotbal şi poezie,andrei_mocuta,4,self-referentiality (ars poetica),self-referentiality (ars poetica),identity & otherness,philosophical & ontological inquiry,100
blanca,andrei_mocuta,6,eco-consciousness,self-referentiality (ars poetica),identity & otherness,philosophical & ontological inquiry,0
două inimi,andrei_mocuta,7,digital realities & posthumanism,identity & otherness,love & intimacy,philosophical & ontological inquiry,0
ce rămâne,andrei_mocuta,1,mundane & daily life,philosophical & ontological inquiry,interconnected structures,identity & otherness,0
ziua cărţii,andrei_mocuta,1,mundane & daily life,self-referentiality (ars poetica),identity & otherness,philosophical & ontological inquiry,0
2020,andrei_mocuta,1,mundane & daily life,philosophical & ontological inquiry,digital realities & posthumanism,identity & otherness,0
un poem pe-o cravată nouă,andrei_mocuta,3,love & intimacy,self-referentiality (ars poetica),identity & otherness,philosophical & ontological inquiry,0
lungul nasului,andrei_mocuta,6,eco-consciousness,love & intimacy,identity & otherness,mundane & daily life,0
rezistenţa pe hârtie,andrei_mocuta,0,philosophical & ontological inquiry,love & intimacy,philosophical & ontological inquiry,interconnected structures,100
2046,andrei_mocuta,7,digital realities & posthumanism,identity & otherness,mundane & daily life,love & intimacy,0
café de flore,andrei_mocuta,0,philosophical & ontological inquiry,interconnected structures,philosophical & ontological inquiry,identity & otherness,100
un destin mai fericit,andrei_mocuta,6,eco-consciousness,self-referentiality (ars poetica),identity & otherness,mundane & daily life,0
poem în duet,andrei_mocuta,7,digital realities & posthumanism,philosophical & ontological inquiry,interconnected structures,digital realities & posthumanism,100
aye,andrei_mocuta,1,mundane & daily life,philosophical & ontological inquiry,interconnected structures,digital realities & posthumanism,0
"pis, pis, pis",andrei_mocuta,1,mundane & daily life,philosophical & ontological inquiry,identity & otherness,self-referentiality (ars poetica),0
2027,andrei_mocuta,1,mundane & daily life,digital realities & posthumanism,identity & otherness,interconnected structures,0
2066,andrei_mocuta,3,love & intimacy,digital realities & posthumanism,identity & otherness,interconnected structures,0
2031,andrei_mocuta,7,digital realities & posthumanism,mundane & daily life,identity & otherness,love & intimacy,0
2030,andrei_mocuta,3,love & intimacy,digital realities & posthumanism,philosophical & ontological inquiry,interconnected structures,0
2026,andrei_mocuta,4,self-referentiality (ars poetica),digital realities & posthumanism,philosophical & ontological inquiry,identity & otherness,0
teatrul dintre lumi,andrei_mocuta,7,digital realities & posthumanism,love & intimacy,philosophical & ontological inquiry,identity & otherness,0
antonio gaudi,andrei_mocuta,1,mundane & daily life,philosophical & ontological inquiry,eco-consciousness,identity & otherness,0
xl,andrei_mocuta,2,identity & otherness,identity & otherness,self-referentiality (ars poetica),mundane & daily life,100
scurt schimb de priviri cu o catalană,andrei_mocuta,5,interconnected structures,love & intimacy,identity & otherness,interconnected structures,100
